"Age","Levin","Verity","Salje","Levin_p25","Levin_m25","Verity_p25","Verity_m25","Salje_p25","Salje_m25","Verity_Germany","Verity_Spain","Verity_Italy","Salje_Germany","Salje_Spain","Salje_Italy"
0,5.36738256685455e-06,7.7570256207644e-06,3.07070689024838e-06,6.70922820856819e-06,4.02553692514091e-06,9.69628202595549e-06,5.8177692155733e-06,3.83838361281048e-06,2.30303016768629e-06,7.7570256207644e-06,7.7570256207644e-06,7.7570256207644e-06,3.63454042596147e-06,3.07070689024838e-06,3.07070689024838e-06
0.5,5.69643403958386e-06,8.33945561455924e-06,3.26125831423531e-06,7.12054254947983e-06,4.2723255296879e-06,1.0424319518199e-05,6.25459171091943e-06,4.07657289279413e-06,2.44594373567648e-06,7.7570256207644e-06,7.7570256207644e-06,7.7570256207644e-06,3.86008030275804e-06,3.07070689024838e-06,3.07070689024838e-06
1,6.04565826325029e-06,8.96561689328937e-06,3.46363432665779e-06,7.55707282906286e-06,4.53424369743772e-06,1.12070211166117e-05,6.72421266996703e-06,4.32954290832224e-06,2.59772574499334e-06,7.7570256207644e-06,7.7570256207644e-06,7.7570256207644e-06,4.09961596170688e-06,3.10790496773615e-06,3.14555365709222e-06
1.5,6.41629194370107e-06,9.6387929851083e-06,3.67856869737568e-06,8.02036492962633e-06,4.8122189577758e-06,1.20484912313854e-05,7.22909473883123e-06,4.5982108717196e-06,2.75892652303176e-06,7.7570256207644e-06,7.7570256207644e-06,7.7570256207644e-06,4.35401590518035e-06,3.30076470276943e-06,3.34074966570172e-06
2,6.80964760397653e-06,1.03625139592248e-05,3.90684073002871e-06,8.51205950497067e-06,5.1072357029824e-06,1.2953142449031e-05,7.77188546941863e-06,4.88355091253589e-06,2.93013054752153e-06,7.7570256207644e-06,7.7570256207644e-06,7.7570256207644e-06,4.62420253010003e-06,3.50559226750897e-06,3.54805848049121e-06
2.5,7.22711823234079e-06,1.11405749372387e-05,4.14927808761606e-06,9.03389779042599e-06,5.42033867425559e-06,1.39257186715483e-05,8.355431202929e-06,5.18659760952008e-06,3.11195856571205e-06,7.7570256207644e-06,7.7570256207644e-06,7.7570256207644e-06,4.91115547234038e-06,3.72313032059137e-06,3.76823175655136e-06
3,7.67018221526353e-06,1.19770559943848e-05,4.40675979341606e-06,9.58772776907941e-06,5.75263666144764e-06,1.4971319992981e-05,8.98279199578863e-06,5.50844974177007e-06,3.30506984506204e-06,7.7570256207644e-06,7.7570256207644e-06,7.7570256207644e-06,5.21591515866782e-06,3.95416760602248e-06,4.00206779261325e-06
3.5,8.14040857282196e-06,1.28763435550469e-05,4.68021941812671e-06,1.01755107160275e-05,6.10530642961647e-06,1.60954294438086e-05,9.65725766628517e-06,5.85027427265839e-06,3.51016456359504e-06,7.7570256207644e-06,7.7570256207644e-06,7.7570256207644e-06,5.539586579094e-06,4.19954181298549e-06,4.25041442549978e-06
4,8.63946251506315e-06,1.38431533947348e-05,4.97064846478286e-06,1.07993281438289e-05,6.47959688629737e-06,1.73039417434185e-05,1.03823650460511e-05,6.21331058097858e-06,3.72798634858715e-06,7.7570256207644e-06,7.7570256207644e-06,7.7570256207644e-06,5.88334329332404e-06,4.46014261311339e-06,4.51417210419115e-06
4.5,9.16911133900328e-06,1.4882555369148e-05,5.27909996372295e-06,1.14613891737541e-05,6.87683350425246e-06,1.86031942114351e-05,1.1161916526861e-05,6.59887495465368e-06,3.95932497279221e-06,7.87016288827238e-06,7.7570256207644e-06,7.7570256207644e-06,6.24843168584603e-06,4.73691488623802e-06,4.79429715465017e-06
5,9.73123068714697e-06,1.6e-05,5.60669229064001e-06,1.21640383589337e-05,7.29842301536023e-06,2e-05,1.2e-05,7.00836536330001e-06,4.20501921798001e-06,8.58449381044044e-06,7.7570256207644e-06,7.7570256207644e-06,6.63617548503383e-06,5.03086214631158e-06,5.09180524724482e-06
5.5,1.03278111896899e-05,1.72013928566901e-05,5.9546132215668e-06,1.29097639871124e-05,7.74585839226745e-06,2.15017410708626e-05,1.29010446425175e-05,7.4432665269585e-06,4.4659599161751e-06,9.22905358388801e-06,7.7570256207644e-06,7.7570256207644e-06,7.04798056267827e-06,5.34305017992231e-06,5.40777507934042e-06
6,1.09609655139268e-05,1.84933546958618e-05,6.32412423951028e-06,1.37012068924086e-05,8.22072413544513e-06,2.31166933698272e-05,1.38700160218963e-05,7.90515529938785e-06,4.74309317963271e-06,9.92200960651701e-06,7.7570256207644e-06,7.7570256207644e-06,7.48534003136312e-06,5.67461091059677e-06,5.74335228641374e-06
6.5,1.16329358458286e-05,1.98831618050159e-05,6.71656510829103e-06,1.45411698072857e-05,8.72470188437144e-06,2.48539522562698e-05,1.49123713537619e-05,8.39570638536379e-06,5.03742383121827e-06,1.08225752457041e-05,7.7570256207644e-06,7.7570256207644e-06,7.94983965815747e-06,6.02674650291142e-06,6.09975359588691e-06
7,1.23461018302832e-05,2.13787380898962e-05,7.13335873021937e-06,1.5432627287854e-05,9.25957637271243e-06,2.67234226123703e-05,1.60340535674222e-05,8.91669841277422e-06,5.35001904766453e-06,1.1635179553253e-05,8.21957204491405e-06,8.33945561455924e-06,8.44316361425191e-06,6.47827123872016e-06,6.47827123872016e-06
7.5,1.31029889981196e-05,2.29887188827984e-05,7.57601630522079e-06,1.63787362476495e-05,9.8272417485897e-06,2.87358986034979e-05,1.72415391620988e-05,9.47002038152599e-06,5.6820122289156e-06,1.25087975978889e-05,8.96561689328937e-06,8.96561689328937e-06,8.96710058138656e-06,6.88027763473318e-06,6.88027763473318e-06
8,1.39062777097558e-05,2.47225216002774e-05,8.04614281010854e-06,1.73828471371948e-05,1.04297082823169e-05,3.09031520003467e-05,1.8541891200208e-05,1.00576785126357e-05,6.0346071075814e-06,1.3644151598837e-05,9.6387929851083e-06,9.77937608405942e-06,9.52355023721108e-06,7.30723036869024e-06,7.30723036869024e-06
8.5,1.47588126471452e-05,2.65904240441387e-05,8.54544281787032e-06,1.84485158089314e-05,1.10691094853589e-05,3.32380300551734e-05,1.9942818033104e-05,1.06818035223379e-05,6.40908211340274e-06,1.46686116843851e-05,1.03625139592248e-05,1.05136526264379e-05,1.01145301430908e-05,7.76067747517635e-06,7.76067747517635e-06
9,1.56636128876328e-05,2.8603651238421e-05,9.07572667806875e-06,1.9579516109541e-05,1.17477096657246e-05,3.57545640480263e-05,2.14527384288158e-05,1.13446583475859e-05,6.80679500855157e-06,1.57699925267335e-05,1.13030617290179e-05,1.14679184126251e-05,1.07421830593334e-05,8.2422630514241e-06,8.2422630514241e-06
9.5,1.6623882595398e-05,3.07744718070442e-05,9.63891708076379e-06,2.07798532442475e-05,1.24679119465485e-05,3.84680897588052e-05,2.30808538552831e-05,1.20486463509547e-05,7.22918781057284e-06,1.72013928566901e-05,1.21517429754833e-05,1.23289777898206e-05,1.14087847143587e-05,8.75373321844246e-06,8.75373321844246e-06
10,1.76430223683434e-05,3.31163050237377e-05,1.0237056027757e-05,2.20537779604292e-05,1.32322667762575e-05,4.13953812796722e-05,2.48372287678033e-05,1.27963200346963e-05,7.67779202081778e-06,1.84933546958618e-05,1.32546891138106e-05,1.32546891138106e-05,1.21167520559814e-05,9.29694245206073e-06,9.29694245206073e-06
10.5,1.87246412806136e-05,3.56438398099189e-05,1.08723122364338e-05,2.3405801600767e-05,1.40434809604602e-05,4.45547997623987e-05,2.67328798574392e-05,1.35903902955422e-05,8.15423417732533e-06,1.98831618050159e-05,1.42499067237208e-05,1.44577435400192e-05,1.28686520147241e-05,9.87386030684345e-06,9.87386030684345e-06
11,1.98725696633905e-05,3.83731671197985e-05,1.15469890030474e-05,2.48407120792381e-05,1.49044272475429e-05,4.79664588997481e-05,2.87798753398489e-05,1.44337362538092e-05,8.66024175228554e-06,2.13787380898962e-05,1.53198494428033e-05,1.55432915183268e-05,1.3667210810934e-05,1.04865785572545e-05,1.04865785572545e-05
11.5,2.10908726692235e-05,4.13219273379805e-05,1.22635325539572e-05,2.63635908365294e-05,1.58181545019176e-05,5.16524091724757e-05,3.09914455034854e-05,1.53294156924465e-05,9.19764941546789e-06,2.33252576958958e-05,1.67103545007116e-05,1.67103545007116e-05,1.45153238394491e-05,1.11373187819642e-05,1.11373187819642e-05
12,2.23838646679327e-05,4.45094745264275e-05,1.30245409150986e-05,2.79798308349159e-05,1.67878985009496e-05,5.56368431580344e-05,3.33821058948206e-05,1.62806761438732e-05,9.76840568632393e-06,2.50850291311656e-05,1.79652498594023e-05,1.82273764906975e-05,1.54160661676541e-05,1.18284404187967e-05,1.18284404187967e-05
12.5,2.37561245250633e-05,4.7957059598631e-05,1.38327733318449e-05,2.96951556563291e-05,1.78170933937975e-05,5.99463244982887e-05,3.59677946989732e-05,1.72909666648061e-05,1.03745799988837e-05,2.69810665799206e-05,1.93150056186465e-05,1.95970022351193e-05,1.63727036849882e-05,1.25624493195245e-05,1.25624493195245e-05
13,2.52125118169969e-05,5.16880347734922e-05,1.46911602734154e-05,3.15156397712462e-05,1.89093838627477e-05,6.46100434668653e-05,3.87660260801192e-05,1.83639503417692e-05,1.10183702050615e-05,2.9024795751605e-05,2.07672793388454e-05,2.10707575957713e-05,1.73887049443315e-05,1.33420068355275e-05,1.33420068355275e-05
13.5,2.67581840401435e-05,5.57280819747464e-05,1.56028140581022e-05,3.34477300501794e-05,2.00686380301076e-05,6.9660102468433e-05,4.17960614810598e-05,1.95035175726278e-05,1.17021105435767e-05,3.12287064731171e-05,2.26571301970491e-05,2.26571301970491e-05,1.84677537382051e-05,1.41699394672587e-05,1.41699394672587e-05
14,2.8398614875155e-05,6.01054681995656e-05,1.65710401378426e-05,3.54982685939437e-05,2.12989611563662e-05,7.5131835249457e-05,4.50791011496742e-05,2.07138001723033e-05,1.2428280103382e-05,3.3606462021336e-05,2.43653750313547e-05,2.47225216002774e-05,1.96137624553672e-05,1.50492491125039e-05,1.50492491125039e-05
14.5,3.01396135708411e-05,6.48513312889079e-05,1.75993490830499e-05,3.76745169635514e-05,2.26047101781308e-05,8.10641641111349e-05,4.8638498466681e-05,2.19991863538124e-05,1.31995118122874e-05,3.67104041597676e-05,2.62055911633524e-05,2.65904240441387e-05,2.08308862661684e-05,1.59831239505933e-05,1.59831239505933e-05
15,3.19873455164307e-05,7.00000000000012e-05,1.86914693111593e-05,3.99841818955384e-05,2.3990509137323e-05,8.75000000000016e-05,5.25000000000009e-05,2.33643366389492e-05,1.40186019833695e-05,3.9525295693255e-05,2.81888067831671e-05,2.8603651238421e-05,2.21235381883026e-05,1.69749500020283e-05,1.69749500020283e-05
15.5,3.39483540750309e-05,7.55878714073638e-05,1.98513606050118e-05,4.24354425937886e-05,2.54612655562732e-05,9.44848392592048e-05,5.66909035555229e-05,2.48142007562648e-05,1.48885204537589e-05,4.25671463086949e-05,3.03270735896638e-05,3.07744718070442e-05,2.34964050874595e-05,1.8028323405437e-05,1.8028323405437e-05
16,3.60295837556034e-05,8.16484181731029e-05,2.10832284700519e-05,4.50369796945042e-05,2.70221878167025e-05,0.000102060522716379,6.12363136298272e-05,2.63540355875649e-05,1.58124213525389e-05,4.585604569197e-05,3.26335716087412e-05,3.31163050237377e-05,2.49544646708499e-05,1.9147063456369e-05,1.9147063456369e-05
16.5,3.82384048055166e-05,8.82151466749273e-05,2.23915393826078e-05,4.77980060068957e-05,2.86788036041374e-05,0.000110268933343659,6.61613600061955e-05,2.79894242282597e-05,1.67936545369558e-05,4.94140594666599e-05,3.56438398099189e-05,3.56438398099189e-05,2.65030035352578e-05,2.0335226455144e-05,2.0335226455144e-05
17,4.05826393107623e-05,9.53227170221732e-05,2.37810369843574e-05,5.07282991384529e-05,3.04369794830718e-05,0.000119153396277716,7.14920377666299e-05,2.97262962304467e-05,1.7835777738268e-05,5.32654428872663e-05,3.83731671197985e-05,3.83731671197985e-05,2.81476363350559e-05,2.15971204140505e-05,2.15971204140505e-05
17.5,4.30705888962667e-05,0.000103006747231034,2.52567592817105e-05,5.38382361203334e-05,3.23029416722e-05,0.000128758434038792,7.72550604232751e-05,3.15709491021382e-05,1.89425694612829e-05,5.74368796417953e-05,4.13219273379805e-05,4.13219273379805e-05,2.98943261396848e-05,2.29373206773002e-05,2.29373206773002e-05
18,4.57110641243891e-05,0.000111303567147062,2.68240569124921e-05,5.71388301554864e-05,3.42832980932918e-05,0.000139129458933828,8.34776753602966e-05,3.35300711406151e-05,2.0118042684369e-05,6.19577489443621e-05,4.45094745264275e-05,4.45094745264275e-05,3.17494060544084e-05,2.43606865102067e-05,2.43606865102067e-05
18.5,4.85134156957192e-05,0.000120249916696705,2.84886125461562e-05,6.0641769619649e-05,3.63850617717894e-05,0.000150312395870881,9.01874375225288e-05,3.56107656826952e-05,2.13664594096171e-05,6.68604245299733e-05,4.7957059598631e-05,4.86797966854931e-05,3.37196021827342e-05,2.58723787177924e-05,2.58723787177924e-05
19,5.14875675626618e-05,0.000129882583176088,3.02564614878734e-05,6.43594594533272e-05,3.86156756719963e-05,0.00016235322897011,9.74119373820662e-05,3.78205768598418e-05,2.26923461159051e-05,7.21805191219318e-05,5.16880347734922e-05,5.24704528485759e-05,3.581205801376e-05,2.74778783567129e-05,2.74778783567129e-05
19.5,5.46440520730761e-05,0.000140237972585839,3.21340135611955e-05,6.83050650913451e-05,4.09830390548071e-05,0.000175297465732298,0.000105178479439379,4.01675169514943e-05,2.41005101708966e-05,7.79535205117879e-05,5.57280819747464e-05,5.65756189479891e-05,3.80343603228652e-05,2.91830066083399e-05,2.91830066083399e-05
20,5.79940472684214e-05,0.000151351610527608,3.41280763486408e-05,7.24925590855268e-05,4.34955354513161e-05,0.00018918951315951,0.000113513707895706,4.26600954358009e-05,2.55960572614806e-05,8.42124507585717e-05,6.01054681995656e-05,6.10241122497121e-05,4.03945666796597e-05,3.09939458850621e-05,3.09939458850621e-05
20.5,6.15494164684952e-05,0.000163257568924,3.62458798744636e-05,7.6936770585619e-05,4.61620623513714e-05,0.000204071961155,0.000122443176693,4.53073498430795e-05,2.71844099058477e-05,9.09912982412033e-05,6.48513312889079e-05,6.58476820000576e-05,4.29012346629287e-05,3.29172622463275e-05,3.29172622463275e-05
21,6.53227502829427e-05,0.000175987815840852,3.84951028191043e-05,8.16534378536784e-05,4.8992062712207e-05,0.000219984769801065,0.000131990861880639,4.81188785238804e-05,2.88713271143282e-05,9.83251324231169e-05,7.00000000000012e-05,7.10813257278702e-05,4.55634528884959e-05,3.49599292057053e-05,3.49599292057053e-05
21.5,6.93274111983147e-05,0.000189571487009022,4.08839003603647e-05,8.66592639978934e-05,5.1995558398736e-05,0.000236964358761278,0.000142178615256767,5.11048754504559e-05,3.06629252702735e-05,0.000106249888578379,7.55878714073638e-05,7.67611124829793e-05,4.83908739625118e-05,3.71293530152844e-05,3.71293530152844e-05
22,7.35775808985686e-05,0.000204034079287835,4.34209337422576e-05,9.19719761232108e-05,5.51831856739265e-05,0.000255042599109793,0.000153025559465876,5.4276167177822e-05,3.25657003066932e-05,0.000114802100092444,8.16484181731029e-05,8.29201757239349e-05,5.1393749479642e-05,3.94333995190856e-05,3.94333995190856e-05
22.5,7.80883104865888e-05,0.000219396568303153,4.61154016787389e-05,9.7610388108236e-05,5.85662328649416e-05,0.000274245710378941,0.000164547426227365,5.76442520984236e-05,3.45865512590542e-05,0.000124018572951008,8.82151466749273e-05,8.95922660108753e-05,5.45829671930559e-05,4.18804226728511e-05,4.18804226728511e-05
23,8.28755737845755e-05,0.000235674454840628,4.89770737061851e-05,0.000103594467230719,6.21566803384316e-05,0.000294593068550785,0.000176755841130471,6.12213421327314e-05,3.67328052796388e-05,0.000133935997222749,9.53227170221732e-05,9.68122522303127e-05,5.79700904909824e-05,4.44792948336179e-05,4.44792948336179e-05
23.5,8.79563239020546e-05,0.00025287674727774,5.20163256055455e-05,0.000109945404877568,6.59672429265409e-05,0.000316095934097175,0.000189657560458305,6.50204070069319e-05,3.90122442041591e-05,0.000144590490720873,0.000103006747231034,0.000104615916154298,6.15674003229675e-05,4.72394389288981e-05,4.78116903618294e-05
24,9.33485532718326e-05,0.000271004890381874,5.5244177022602e-05,0.000116685691589791,7.00114149538745e-05,0.000338756112977342,0.000203253667786405,6.90552212782526e-05,4.14331327669515e-05,0.000156017070627047,0.000111303567147062,0.000113039695660393,6.53879397278591e-05,5.01708626221058e-05,5.07786248805918e-05
24.5,9.90713573665011e-05,0.000290051654153353,5.86723314227388e-05,0.000123839196708126,7.43035180248758e-05,0.000362564567691691,0.000217538740615015,7.33404142784235e-05,4.40042485670541e-05,0.000168249049712013,0.000120249916696705,0.000122120371207088,6.94455611250046e-05,5.32841945981034e-05,5.39296712917923e-05
25,0.00010514500232113,0.000309999999999996,6.23132185250881e-05,0.000131431252901413,7.88587517408475e-05,0.000387499999999995,0.000232499999999997,7.78915231563602e-05,4.67349138938161e-05,0.000181317354921451,0.000129882583176088,0.000131894690318051,7.37549765400075e-05,5.65907231004357e-05,5.72762545830686e-05
25.5,0.000111590996701622,0.000330826529721119,6.61800393699269e-05,0.000139488745877028,8.36932475262166e-05,0.000413533162151399,0.000248119897290839,8.27250492124086e-05,4.96350295274451e-05,0.000195249767541801,0.000140237972585839,0.000142398925167812,7.83318109472183e-05,6.01024368599734e-05,6.08305087149843e-05
26,0.00011843216767288,0.000352516529295103,7.02868141827535e-05,0.0001480402095911,8.882412575466e-05,0.000440645661618879,0.000264387396971327,8.78585177284418e-05,5.27151106370651e-05,0.000210070085942173,0.000151351610527608,0.000153668358913583,8.31926589224007e-05,6.38320685633705e-05,6.46053206160572e-05
26.5,0.000125692741836522,0.000375053664843863,7.46484332084534e-05,0.000157115927295652,9.42695563773915e-05,0.000468817081054829,0.000281290248632898,9.33105415105667e-05,5.598632490634e-05,0.00022579721402133,0.000163257568924,0.000165736697215676,8.83551448109553e-05,6.77931410189774e-05,6.86143769079314e-05
27,0.000133398431024414,0.000398415626568407,7.92807106999854e-05,0.000166748038780518,0.000100048823268311,0.000498019533210508,0.000298811719926305,9.91008883749818e-05,5.94605330249891e-05,0.000242444180979339,0.000175987815840852,0.00017863540246411,9.38379866298564e-05,7.2000016187545e-05,7.28722135300092e-05
27.5,0.000141576523351842,0.000422573820074121,8.42004422573289e-05,0.000176970654189803,0.000106182392513882,0.000528217275092652,0.000316930365055591,0.000105250552821661,6.31503316929967e-05,0.000260017100875507,0.000189571487009022,0.000192392949610744,9.96610639350018e-05,7.6467947255442e-05,7.7394268443483e-05
28,0.000150255979852764,0.00044749309169417,8.94254657245752e-05,0.000187819974815955,0.000112691984889573,0.000559366364617713,0.000335619818770628,0.000111781832155719,6.70690992934314e-05,0.000278514083605975,0.000207034004219041,0.000207034004219041,0.000105845489900041,8.21969376059325e-05,8.21969376059325e-05
28.5,0.000159467537039364,0.000473131493868478,9.49747258659664e-05,0.000199334421299204,0.000119600652779523,0.000591414367335598,0.000354848620401359,0.000118718407332458,7.12310443994748e-05,0.00029792411239591,0.000222578525405316,0.000222578525405316,0.000112413687868026,8.72976344194023e-05,8.72976344194023e-05
29,0.000169243815749094,0.000499440096630986,0.000100868343055376,0.000211554769686368,0.000126932861811821,0.000624300120788733,0.00037458007247324,0.000126085428819221,7.56512572915324e-05,0.000318226188820319,0.000239040798764403,0.000239040798764403,0.000119389472653446,9.27148528675075e-05,9.27148528675075e-05
29.5,0.000179619436664673,0.00052636285115836,0.000107127686228294,0.000224524295830841,0.000134714577498505,0.00065795356394795,0.00039477213836877,0.000133909607785368,8.03457646712208e-05,0.000339399697810336,0.000256428407145644,0.000256428407145644,0.000126798136889428,9.84682345704862e-05,9.84682345704862e-05
30,0.000190631142916116,0.000553836511132241,0.000113775450360809,0.000238288928645145,0.000142973357187087,0.000692295638915302,0.000415377383349181,0.000142219312951011,8.53315877706069e-05,0.00036143083922292,0.000274741150253471,0.000274741150253471,0.000134666542733173,0.000104578640001327,0.000104578640001327
30.5,0.000202317930198988,0.00058179061735852,0.000120835738756526,0.000252897412748734,0.000151738447649241,0.000727238271698151,0.00043634296301889,0.000151044673445657,9.06268040673943e-05,0.00038430092777835,0.000293969927454645,0.000293969927454645,0.000143023219262144,0.000111068224121182,0.000111068224121182
31,0.000214721184869641,0.000610147550666704,0.000128334150439762,0.000268401481087052,0.000161040888652231,0.00076268443833338,0.000457610663000028,0.000160417688049702,9.62506128298212e-05,0.000407985175111577,0.000314095636645444,0.000314095636645444,0.00015189846591413,0.000117960516708314,0.000117960516708314
31.5,0.000227884830506502,0.000638822657577971,0.000136297872971892,0.000284856038133128,0.000170913622879877,0.000798528321972464,0.000479116993183478,0.000170372341214865,0.000102223404728919,0.000432452393973238,0.000335095891320256,0.000335095891320256,0.000161324462346248,0.000125280507671811,0.000125280507671811
32,0.000241855483456396,0.000667724452581505,0.000144755781027378,0.000302319354320495,0.000181391612592297,0.000834655565726881,0.000500793339436129,0.000180944726284223,0.000108566835770534,0.000457664738846624,0.000356956811340564,0.000356956811340564,0.000171335385111188,0.000133054737659418,0.000133054737659418
32.5,0.000256682617916764,0.000696754900097005,0.000153738541086891,0.000320853272395955,0.000192511963437573,0.000870943625121256,0.000522566175072754,0.000192173176358613,0.000115303905815168,0.000483577489047036,0.000379660893768124,0.000379660893768124,0.000181967531573778,0.000141311394288006,0.000141311394288006
33,0.000272418741138371,0.000725809778331424,0.000163278722627124,0.000340523426422964,0.000204314055853778,0.00090726222291428,0.000544357333748568,0.000204098403283905,0.000122459041970343,0.00051013888032814,0.000403184595577668,0.000403184595577668,0.000193259451517117,0.000150080414345566,0.000150080414345566
33.5,0.000289119579368946,0.000754779126266538,0.000173410916210446,0.000361399474211183,0.00021683968452671,0.000943473907833172,0.000566084344699903,0.000216763645263058,0.000130058187157835,0.000537289990880668,0.000427498031299955,0.000427498031299955,0.000205252086915498,0.000159393592335332,0.000159393592335332
34,0.000306844275196243,0.000783547773950574,0.000184171858902565,0.000383555343995303,0.000230133206397182,0.000979434717438217,0.00058766083046293,0.000230214823628207,0.000138128894176924,0.000564964687365275,0.000452564705870533,0.000452564705870533,0.000217988920380854,0.000169284695755545,0.000169284695755545
34.5,0.000325655596989363,0.000811995955123877,0.000195600567472925,0.000407069496236704,0.000244241697742022,0.00101499494390485,0.000608996966342908,0.000244500709341156,0.000146700425604694,0.000593089636268419,0.000478341288747945,0.000478341288747945,0.000231516132820955,0.000179789587532869,0.000179789587532869
35,0.000345620161180041,0.000839999999999967,0.000207738479860807,0.000432025201475051,0.000259215120885031,0.00104999999999996,0.000629999999999975,0.000259673099826009,0.000155803859895606,0.000621584385404382,0.000504777435341947,0.00051013888032814,0.000245882770881086,0.00019094635605336,0.000193259451517117
35.5,0.000366808668171053,0.000867471656400583,0.000220629605420042,0.000458510835213817,0.00027510650112829,0.00108433957050073,0.000650603742300437,0.000275787006775053,0.000165472204065032,0.000656142663417241,0.000531815661673051,0.000537289990880668,0.000261140924776277,0.00020279545326245,0.000205252086915498
36,0.00038929615270717,0.00089448414047205,0.000234320684487038,0.000486620190883963,0.000291972114530378,0.00111810517559006,0.000670863105354038,0.000292900855608797,0.000175740513365278,0.000685133819230603,0.00055939127796253,0.000564964687365275,0.000280705643976101,0.000215379841334683,0.000217988920380854
36.5,0.000413162249595289,0.000921173417006307,0.000248861357850857,0.000516452811994111,0.000309871687196467,0.00115146677125788,0.000690880062754731,0.000311076697313571,0.000186646018388143,0.000714191810087738,0.000587432386521313,0.000593089636268419,0.000298124716994847,0.000228745148444908,0.000231516132820955
37,0.000438491475714745,0.00094770158443325,0.000264304346739656,0.000548114344643432,0.000328868606786059,0.00118462698054156,0.000710776188324938,0.00033038043342457,0.000198228260054742,0.000743208911681425,0.00061585994886312,0.000621584385404382,0.0003166247234582,0.000242939834205866,0.000245882770881086
37.5,0.000465373529316478,0.000974256544960846,0.000280705643976101,0.000581716911645597,0.000349030146987358,0.00121782068120106,0.000730692408720634,0.000350882054970126,0.000210529232982075,0.000772071968693395,0.000650361519806044,0.000650361519806044,0.000336272740251711,0.000258015365371966,0.000261140924776277
38,0.000493903607670957,0.00100105198216033,0.000298124716994847,0.000617379509588696,0.000370427705753218,0.00125131497770042,0.000750788986620249,0.000372655896243559,0.000223593537746135,0.000800662974678868,0.000679326895552683,0.000679326895552683,0.000357140006690007,0.000277345917158799,0.000277345917158799
38.5,0.000524182744189764,0.00102832775466836,0.0003166247234582,0.000655228430237204,0.000393137058142323,0.00128540969333546,0.000771245816001273,0.00039578090432275,0.00023746854259365,0.000828859733126435,0.000708379954277439,0.000708379954277439,0.000379302182814659,0.000294556503705759,0.000294556503705759
39,0.000556318166214659,0.00105635081666158,0.000336272740251711,0.000695397707768323,0.000417238624660994,0.00132043852082697,0.000792263112496183,0.000420340925314639,0.000252204555188783,0.000856544819171059,0.000737414120185587,0.000737414120185587,0.000402839623720627,0.000312835086154083,0.000312835086154083
39.5,0.000590423674741188,0.00108541678062573,0.000357140006690007,0.000738029593426486,0.000442817756055891,0.00135677097578217,0.000814062585469299,0.000446425008362509,0.000267855005017506,0.000883726136174711,0.000766317280405323,0.000766317280405323,0.000427837670905921,0.000332247938555297,0.000332247938555297
40,0.000626620047421531,0.00111585224680034,0.000379302182814659,0.000783275059276914,0.000469965035566148,0.00139481530850043,0.000836889185100257,0.000474127728518323,0.000284476637110994,0.000910526697361494,0.000794972348395813,0.000794972348395813,0.000454386961700849,0.000352865447570455,0.000352865447570455
40.5,0.000665035466273741,0.00114801803773793,0.000402839623720627,0.000831294332842177,0.000498776599705306,0.00143502254717241,0.000861013528303447,0.000503549529650783,0.00030212971779047,0.000937098200865612,0.000823257908965935,0.000823257908965935,0.000482583757898775,0.000374762367676485,0.000374762367676485
41,0.000705805971612034,0.00118231349704268,0.000427837670905921,0.000882257464515042,0.000529354478709025,0.00147789187130335,0.000886735122782013,0.000534797088632401,0.000320878253179441,0.000963618249716904,0.000851051362878695,0.000851051362878695,0.000512530294779931,0.00039801809220925,0.00039801809220925
41.5,0.00074907594380561,0.00121918204016563,0.000454386961700849,0.000936344929757013,0.000561806957854208,0.00152397755020704,0.000914386530124224,0.000567983702126061,0.000340790221275637,0.000990290193445942,0.000878324727567086,0.000878324727567086,0.000544335151793752,0.000422716941226084,0.000422716941226084
42,0.000794998614572078,0.00125911818411686,0.000482583757898775,0.000993748268215097,0.000596248960929058,0.00157389773014607,0.000944338638087644,0.000603229697373469,0.000361937818424081,0.00101734334222487,0.000905190139152063,0.000905190139152063,0.000578113646243781,0.000448948467231527,0.000454386961700849
42.5,0.000843736609616097,0.00130267633461455,0.000512530294779931,0.00105467076202012,0.000632802457212073,0.00162834541826819,0.000977007250960913,0.000640662868474913,0.000384397721084948,0.00104503366312006,0.000931794070632396,0.000931794070632396,0.000613988251402508,0.000476807779874748,0.000482583757898775
43,0.000895462524534906,0.00135048167674831,0.000544335151793752,0.00111932815566863,0.000671596893401179,0.00168810209593539,0.00101286125756123,0.000680418939742189,0.000408251363845314,0.00107364507161666,0.000958308966741864,0.000958308966741864,0.000652089040572174,0.00050639589079593,0.000512530294779931
43.5,0.000950359536030175,0.00140324360289414,0.000578113646243781,0.00118794942003772,0.000712769652022631,0.00175405450361767,0.0010524327021706,0.000722642057804726,0.000433585234682836,0.00110349143869912,0.000984933024065681,0.000984933024065681,0.00070094365618102,0.000537820079871973,0.000544335151793752
44,0.00100862205059066,0.00146177222491466,0.000613988251402508,0.00126077756323833,0.000756466537942998,0.00182721528114333,0.001096329168686,0.000767485314253135,0.000460491188551881,0.00112848947721408,0.00101189032197288,0.00101189032197288,0.000744440427600822,0.00057119428418942,0.000578113646243781
44.5,0.00107045639294286,0.00152699866393934,0.000652089040572174,0.00133807049117858,0.000802842294707148,0.00190874832992418,0.00114524899795451,0.000815111300715217,0.00048906678042913,0.00116145688532217,0.0010394314135524,0.0010394314135524,0.000790636373477327,0.000613988251402508,0.000613988251402508
45,0.00113608153670764,0.00160000000000012,0.000692554158701595,0.00142010192088455,0.000852061152530728,0.00200000000000015,0.00120000000000009,0.000865692698376993,0.000519415619026196,0.00119672568154174,0.00106783448874857,0.00106783448874857,0.000839698989990096,0.000652089040572174,0.000652089040572174
45.5,0.0012057298798503,0.00168189504801944,0.000735530323268749,0.00150716234981287,0.000904297409887724,0.0021023688100243,0.00126142128601458,0.000919412904085937,0.000551647742451562,0.00123475878684832,0.00109740722821773,0.00109740722821773,0.00089180616722673,0.000692554158701595,0.000692554158701595
46,0.00127964806767029,0.00177341837190395,0.0007811733562449,0.00159956008458786,0.000959736050752716,0.00221677296487994,0.00133006377892796,0.000976466695306125,0.000585880017183675,0.00127607351007056,0.00112848947721408,0.00112848947721408,0.000947146834172661,0.000735530323268749,0.000744440427600822
46.5,0.00135809786624481,0.00187524444473769,0.000829648749070816,0.00169762233280601,0.00101857339968361,0.00234405555592211,0.00140643333355327,0.00103706093633852,0.000622236561803112,0.00132125113050947,0.00116145688532217,0.00116145688532217,0.00100592164372554,0.0007811733562449,0.000790636373477327
47,0.00144135708941963,0.00198810773761393,0.000881132262692043,0.00180169636177454,0.00108101781706472,0.00248513467201741,0.00149108080321045,0.00110141532836505,0.000660849197019032,0.00137094874575277,0.00119672568154174,0.00119672568154174,0.0010683437002179,0.000829648749070816,0.000839698989990096
47.5,0.00152972058262975,0.00211279936665543,0.000935810564828902,0.00191215072828719,0.00114729043697231,0.00264099920831928,0.00158459952499157,0.00116976320603613,0.000701857923621677,0.00142591386029963,0.00122690704456439,0.00123475878684832,0.00113463933208599,0.000881132262692043,0.00089180616722673
48,0.00162350126703393,0.00225016251548016,0.000993881906792032,0.00202937658379241,0.00121762595027545,0.0028127031443502,0.00168762188661012,0.00124235238349004,0.000745411430094024,0.00148700231609412,0.00126752114391189,0.00127607351007056,0.00121964669509575,0.000935810564828902,0.000947146834172661
48.5,0.00172303124766068,0.00240108629753821,0.00105555684229744,0.00215378905957585,0.00129227343574551,0.00300135787192276,0.00180081472315366,0.0013194460528718,0.000791667631723081,0.0015552003280824,0.001311876234409,0.00132125113050947,0.00129533137292311,0.000993881906792032,0.00100592164372554
49,0.00182866298949004,0.00256649770201827,0.00112105899088736,0.00228582873686255,0.00137149724211753,0.00320812212752283,0.0019248732765137,0.00140132373860919,0.000840794243165516,0.00161563904033752,0.00136061317836737,0.00137094874575277,0.0013757126327414,0.00105555684229744,0.00108128545623178
49.5,0.00194077056563584,0.00274735124978734,0.00119062584872481,0.0024259632070448,0.00145557792422688,0.00343418906223417,0.0020605134373405,0.00148828231090602,0.00089296938654361,0.00169940875346395,0.00141446008124105,0.00142591386029963,0.00146108191905193,0.00113463933208599,0.00114838418351672
50,0.00205975098204883,0.00294461597505201,0.00126450964970183,0.00257468872756104,0.00154481323653662,0.00368076996881502,0.00220846198128901,0.00158063706212728,0.00094838223727637,0.00179293670930976,0.00147424949851844,0.00148700231609412,0.00155174876182751,0.0012050489124862,0.00121964669509575
50.5,0.00218602558343169,0.00315925934755387,0.00134297827998326,0.00273253197928961,0.00163951918757376,0.00394907418444234,0.0023694445106654,0.00167872284997907,0.00100723370998744,0.00189690960073916,0.00154093957995864,0.0015552003280824,0.00164804189879915,0.00127982773083457,0.00129533137292311
51,0.0023200415453447,0.00339222776304758,0.00142631624930233,0.00290005193168088,0.00174003115900853,0.00424028470380947,0.00254417082228568,0.00178289531162791,0.00106973718697674,0.00201207353061888,0.00161563904033752,0.00163164321832119,0.00175031046738581,0.0013592469184293,0.0013757126327414
51.5,0.0024622734577862,0.00364442326089444,0.0015148257225295,0.00307784182223274,0.00184670509333965,0.00455552907611805,0.00273331744567083,0.00189353215316187,0.00113611929189712,0.00213923043972797,0.00169940875346395,0.00171731258990046,0.00188144401416239,0.0014435944315124,0.00147878124741464
52,0.00261322500585549,0.00391667618149152,0.00160882761525496,0.00326653125731937,0.00195991875439162,0.0048958452268644,0.00293750713611864,0.00201103451906871,0.00120662071144122,0.00225016251548016,0.00177341837190395,0.00181287265361788,0.00199819625653402,0.00153317609533485,0.00157054641484023
52.5,0.00277343075345022,0.00420971355774437,0.00170866275735706,0.00346678844181277,0.00208007306508766,0.00526214194718046,0.00315728516830828,0.00213582844669632,0.00128149706801779,0.00240108629753821,0.00187524444473769,0.00191902221905395,0.00212219351206565,0.00164804189879915,0.00166800603255538
53,0.00294345803631453,0.00452412314855535,0.00181469312877541,0.00367932254539316,0.0022075935272359,0.00565515393569418,0.00339309236141651,0.00226836641096927,0.00136101984658156,0.00256649770201827,0.00198810773761393,0.00203651887898311,0.00225388536713214,0.00175031046738581,0.00179297331736037
53.5,0.00312390897114213,0.00486031317253965,0.00192730317196958,0.00390488621392766,0.00234293172835659,0.00607539146567457,0.00364523487940474,0.00240912896496198,0.00144547737897719,0.00274735124978734,0.00211279936665543,0.00216617520544804,0.00239374930701044,0.00185892527058889,0.00190423554644862
54,0.0033154225878488,0.0052184679901699,0.00204690118582171,0.004144278234811,0.0024865669408866,0.00652308498771238,0.00391385099262743,0.00255862648227713,0.00153517588936628,0.00290380352812035,0.00225016251548016,0.00230885358965027,0.00254229244713233,0.00197428012144125,0.00202240210813324
54.5,0.00351867709256561,0.00559850021407848,0.00217392080603729,0.00439834636570701,0.00263900781942421,0.00699812526759811,0.00419887516055886,0.00271740100754661,0.00163044060452796,0.00311489447472371,0.00240108629753821,0.00246545938154419,0.00270005337177192,0.00209679327088553,0.00214790144799338
55,0.00373439226936661,0.00599999999999976,0.00230882257741162,0.00466799033670826,0.00280079420202496,0.0074999999999997,0.00449999999999982,0.00288602822176453,0.00173161693305872,0.00334412393179573,0.00253221089433231,0.00260140214769996,0.002902341815746,0.00222690892425886,0.00230882257741162
55.5,0.00396333202923623,0.00642245215164154,0.00245209562366187,0.00495416503654528,0.00297249902192717,0.00802806518955193,0.00481683911373115,0.00306511952957734,0.00183907171774641,0.00359240486388779,0.00270989874412676,0.00278546020610242,0.00308244545846307,0.00239374930701044,0.00245209562366187
56,0.00420630711530312,0.00686614066015708,0.00260425942087804,0.0052578838941289,0.00315473033647734,0.00858267582519635,0.00514960549511781,0.00325532427609755,0.00195319456565853,0.00380531887972928,0.00290380352812035,0.00298612363371267,0.00327372535997103,0.00254229244713233,0.00260425942087804
56.5,0.00446417797392042,0.00733157111965188,0.00276586568102909,0.00558022246740052,0.00334813348044031,0.00916446389956485,0.00549867833973891,0.00345733210128637,0.00207439926077182,0.00408996328688911,0.00311489447472371,0.00320435736232371,0.00347687505850663,0.00270005337177192,0.00279937096600194
57,0.00473785780175969,0.00781923542611198,0.00293750035234807,0.00592232225219962,0.00355339335131977,0.00977404428263998,0.00586442656958399,0.00367187544043509,0.00220312526426106,0.00439576400056097,0.00334412393179573,0.00344110090522067,0.0036926311295426,0.00286760408683355,0.00297308479424173
57.5,0.0050283157797094,0.00832961164956003,0.00311978574384975,0.00628539472463676,0.00377123683478205,0.01041201456195,0.00624720873717003,0.00389973217981219,0.00233983930788731,0.00472320615479084,0.0035411827160854,0.00369724428354414,0.0039217758564459,0.00304555209381766,0.0031575783639093
58,0.0053365805050299,0.00886316410183908,0.00331338278168419,0.00667072563128738,0.00400243537877243,0.0110789551272988,0.00664737307637931,0.00414172847710524,0.00248503708626314,0.0050009375967352,0.00380531887972928,0.0039735998438443,0.00416514006686265,0.00327372535997103,0.00335352060751613
58.5,0.00566374363391932,0.00942034360746844,0.00351899340550754,0.00707967954239915,0.00424780772543949,0.0117754295093355,0.00706525770560133,0.00439874175688442,0.00263924505413065,0.00536787076048222,0.00408996328688911,0.00427086978106063,0.00442360614511384,0.00347687505850663,0.00360476692639156
59,0.00601096374738975,0.010001587983884,0.00373736311355859,0.00751370468423719,0.00450822281054231,0.012501984979855,0.00750119098791299,0.00467170389194824,0.00280302233516894,0.00575655899979739,0.00439576400056097,0.00458960930190816,0.00469811123152384,0.0036926311295426,0.00382845927564581
59.5,0.00637947045414388,0.0106073227362489,0.003969283665669,0.00797433806767986,0.00478460284060791,0.0132591534203112,0.0079554920521867,0.00496160458208626,0.00297696274925175,0.00616646541752855,0.00472320615479084,0.00493018552161753,0.00498965062028215,0.0039217758564459,0.00406603276331505
60,0.00677056874498164,0.0112379619709223,0.00421559595400786,0.00846321093122705,0.00507792655873623,0.0140474524636529,0.00842847147819174,0.00526949494250982,0.00316169696550589,0.00650947457053157,0.00507256921378405,0.00529273238518781,0.00536347607471023,0.00416514006686265,0.00437066061258176
60.5,0.00718564361415701,0.0118939095306138,0.00447719305196892,0.00898205451769626,0.00538923271061775,0.0148673869132672,0.00892043214796031,0.00559649131496115,0.00335789478897669,0.00695747145667781,0.00536787076048222,0.00559850021407848,0.00569630441031711,0.00442360614511384,0.00464188018534042
61,0.00762616496405065,0.0125755603532544,0.00475502345225546,0.00953270620506331,0.00571962372303799,0.015719450441568,0.00943167026494083,0.00594377931531932,0.00356626758919159,0.00742730977569234,0.00575655899979739,0.00599999999999976,0.00604978627400173,0.00475502345225546,0.00492993017922145
61.5,0.00809369281052725,0.0132833020556891,0.00505009450590321,0.0101171160131591,0.00607026960789544,0.0166041275696114,0.00996247654176686,0.00631261813237901,0.0037875708794274,0.00791947866245224,0.00616646541752855,0.00642245215164154,0.0064252033121263,0.00505009450590321,0.00523585499922673
62,0.00858988280741123,0.0140175167424587,0.00536347607471023,0.010737353509264,0.00644241210555842,0.0175218959280734,0.010513137556844,0.00670434509338778,0.00402260705603267,0.00832961164956003,0.00659735057493363,0.00686614066015708,0.0068239167031009,0.00536347607471023,0.00562812612715202
62.5,0.00911649210964461,0.0147785830392107,0.00569630441031711,0.0113956151370558,0.00683736908223346,0.0184732287990133,0.011083937279408,0.00712038051289638,0.00427222830773783,0.00886316410183908,0.00704967595455774,0.00733157111965188,0.00724737209271254,0.00569630441031711,0.00597737721498233
63,0.00967538559589032,0.0155668783496575,0.00604978627400173,0.0120942319948629,0.00725653919691774,0.0194585979370719,0.0116751587622431,0.00756223284250216,0.0045373397055013,0.00942034360746844,0.00752394169877659,0.00781923542611198,0.00769710483571404,0.00604978627400173,0.00634830093816183
63.5,0.0102685424726168,0.0163827813345146,0.0064252033121263,0.012835678090771,0.00770140685446261,0.0204784766681433,0.012287086000886,0.00803150414015787,0.00481890248409472,0.010001587983884,0.00791947866245224,0.00832961164956003,0.00817474556268018,0.00650303727003846,0.00674224218334328
64,0.0108980632830513,0.0172266746104962,0.0068239167031009,0.0136225791038141,0.00817354746228846,0.0215333432631202,0.0129200059578721,0.00852989587887612,0.00511793752732567,0.0106073227362489,0.00843445342352326,0.00886316410183908,0.00868202609231967,0.00690658061587262,0.00724737209271254
64.5,0.0115661773458219,0.0180989476672422,0.00724737209271254,0.0144577216822774,0.00867463300936641,0.0226236845840528,0.0135742107504317,0.00905921511589068,0.00543552906953441,0.0111098222434505,0.00897269564499863,0.00942034360746844,0.00922078571065739,0.00733516568124593,0.00769710483571404
65,0.0122752506496318,0.0190000000000001,0.00769710483571404,0.0153440633120397,0.00920643798722382,0.0237500000000001,0.01425,0.00962138104464255,0.00577282862678553,0.0117606762795297,0.00953465350476316,0.010001587983884,0.00979297783987292,0.00779034641997078,0.00817474556268018
65.5,0.013027794231922,0.0199301906103929,0.00817474556268018,0.0162847427899025,0.00977084567394149,0.0249127382629911,0.0149476429577947,0.0102184319533502,0.00613105917201014,0.012437155230579,0.0101207622952682,0.0106073227362489,0.0104006771209738,0.00827377321584065,0.00868202609231967
66,0.0138264730711948,0.0208896592859672,0.00868202609231967,0.0172830913389935,0.0103698548033961,0.026112074107459,0.0156672444644754,0.0108525326153996,0.00651151956923975,0.0131396480401582,0.0107314451617819,0.0112379619709223,0.0110460869359813,0.00878719886656073,0.00922078571065739
66.5,0.0146741155244875,0.0218784534410232,0.00922078571065739,0.0183426444056093,0.0110055866433656,0.027348066801279,0.0164088400807674,0.0115259821383217,0.00691558928299304,0.0138685377597723,0.0113671140599852,0.0118939095306138,0.0117315473969016,0.00933248493899436,0.0099116085187881
67,0.0155737233434178,0.0228965761404951,0.00979297783987292,0.0194671541792722,0.0116802925075633,0.0286207201756189,0.0171724321053714,0.0122412222998412,0.00734473337990469,0.0146242035374243,0.0120281709357384,0.0125755603532544,0.0123104172637248,0.0100316762721514,0.0105266693788434
67.5,0.0165284823042708,0.0239439853607565,0.0104006771209738,0.0206606028803385,0.0123963617282031,0.0299299817009457,0.0179579890205674,0.0130008464012173,0.00780050784073039,0.0154070228299764,0.012715009128856,0.0132833020556891,0.0130743352335684,0.0106541878882376,0.0111798975926247
68,0.0175417734897709,0.0250205933901121,0.0110460869359813,0.0219272168622136,0.0131563301173282,0.0312757417376401,0.0187654450425841,0.0138076086699766,0.00828456520198594,0.0162173738378357,0.0134280150018204,0.0140175167424587,0.0138856578251888,0.011315329211717,0.0118736616199089
68.5,0.018617185262492,0.0261262663729737,0.0117315473969016,0.023271481578115,0.013962888946869,0.0326578329662172,0.0195946997797303,0.014664434246127,0.00879866054767623,0.0168857337272746,0.0141675697935485,0.0147785830392107,0.0147473267133173,0.0120174973935374,0.0126104768942916
69,0.0197585259723061,0.0272608240010398,0.0124595438304512,0.0246981574653826,0.0148188944792295,0.0340760300012998,0.0204456180007799,0.015574429788064,0.00934465787283837,0.0177466075652694,0.0149340516976153,0.0157278381637479,0.0156624661171281,0.0127632383388846,0.0133930149435893
69.5,0.0209698374428722,0.0284240393540983,0.013232715789296,0.0262122968035903,0.0157273780821542,0.0355300491926229,0.0213180295155737,0.01654089473662,0.009924536841972,0.0186360994711007,0.0157278381637479,0.0165493084209363,0.0166343941279596,0.0135552559380669,0.0143964218702189
70,0.0222554092849247,0.0296156388923632,0.0140538666224817,0.0278192616061558,0.0166915569636935,0.0370195486154541,0.0222117291692724,0.0175673332781022,0.0105403999668613,0.0195546051245824,0.0167169581851882,0.0173988462201905,0.0176666347399743,0.0143964218702189,0.0152897860153689
70.5,0.023619794087048,0.030835302601528,0.0149259736397517,0.02952474260881,0.017714845565286,0.03854412825191,0.023126476951146,0.0186574670496897,0.0111944802298138,0.0206954203962672,0.0175721561468835,0.0182768427947909,0.0187629306273751,0.0152897860153689,0.0162385875126238
71,0.0250678235377344,0.0320826642909929,0.0158521989066083,0.0313347794221681,0.0188008676533008,0.0401033303637411,0.0240619982182446,0.0198152486332604,0.0118891491799563,0.0216783477795377,0.0184558923041385,0.0193685677305197,0.0199272567145075,0.016435299351268,0.0172462665045658
71.5,0.026604625535816,0.0333573120449929,0.0168359007092571,0.03325578191977,0.019953469151862,0.0416966400562411,0.0250179840337446,0.0210448758865714,0.0126269255319428,0.022690606679652,0.0193685677305197,0.0203104610737401,0.0209105275603041,0.0174551852171154,0.0183164766104412
72,0.0282356423498648,0.0346587888256295,0.0178806457310037,0.035294552937331,0.0211767317623986,0.0433234860320369,0.0259940916192221,0.0223508071637546,0.0134104842982528,0.0237321641431879,0.0205023544287566,0.0212816567168015,0.0222081219101971,0.0185383596895456,0.0194530981733696
72.5,0.0299666498908693,0.0359865932260914,0.0189902219842518,0.0374583123635866,0.022474987418152,0.0449832415326143,0.0269899449195686,0.0237377774803148,0.0142426664881889,0.02480294163718,0.0214794155226303,0.0224858093072606,0.0235862379549348,0.0196887501175801,0.0206602523296023
73,0.0318037781664364,0.0373401803716476,0.0201686525449919,0.0397547227080454,0.0238528336248273,0.0466752254645594,0.0280051352787357,0.0252108156812398,0.0151264894087439,0.0259028145642707,0.0224858093072606,0.0235215118743054,0.0250498724358996,0.0209105275603041,0.0222081219101971
73.5,0.0337535329889541,0.0387189629653138,0.0214202101395767,0.0421919162361926,0.0253151497417156,0.0483987037066423,0.0290392222239854,0.0267752626744708,0.0160651576046825,0.0270316119242567,0.0237321641431879,0.02480294163718,0.0266043321652499,0.0222081219101971,0.0235862379549348
74,0.0358228190145898,0.0401223124744287,0.0227494326366745,0.0447785237682373,0.0268671142609424,0.0501528905930359,0.0300917343558215,0.0284367907958432,0.0170620744775059,0.028189116124792,0.02480294163718,0.0259028145642707,0.0279170700226873,0.0235862379549348,0.0250498724358996
74.5,0.0380189641947114,0.0415495604537401,0.0241611395005689,0.0475237052433893,0.0285142231460336,0.0519369505671752,0.0311621703403051,0.0302014243757111,0.0181208546254266,0.0296156388923632,0.0261262663729737,0.0272608240010398,0.0296494525438574,0.0250498724358996,0.0266043321652499
75,0.040349745726322,0.0429999999999998,0.0256604492654608,0.0504371821579025,0.0302623092947415,0.0537499999999997,0.0322499999999998,0.032075561581826,0.0192453369490956,0.030835302601528,0.0272608240010398,0.0284240393540983,0.0314893373648737,0.0266043321652499,0.0282552532672249
75.5,0.0428234175934049,0.0444730661755512,0.0272527980941285,0.0535292719917562,0.0321175631950537,0.055591332719439,0.0333547996316634,0.0340659976176606,0.0204395985705964,0.0320826642909929,0.0286600980995961,0.029857337556092,0.0330431160908756,0.0282552532672249,0.0300086216134725
76,0.0454487397967132,0.0459689223402887,0.0289439594882274,0.0568109247458915,0.0340865548475349,0.0574611529253609,0.0344766917552166,0.0361799493602842,0.0217079696161705,0.0336154764903704,0.029857337556092,0.0313309455684963,0.0350935933369217,0.0300086216134725,0.0318707945264928
76.5,0.0482350093755116,0.0474880120088485,0.0307400652217271,0.0602937617193895,0.0361762570316337,0.0593600150110606,0.0356160090066364,0.0384250815271589,0.0230550489162953,0.0349222603123915,0.0313309455684963,0.0325892736556388,0.0372713121228868,0.0322568726036261,0.0338485238298703
77,0.0511920933311324,0.0490308989699146,0.0326476275733591,0.0639901166639155,0.0383940699983493,0.0612886237123932,0.0367731742274359,0.0408095344666988,0.0244857206800193,0.0362552662253252,0.0328442068634172,0.0341350097361638,0.0391103908968251,0.0342585598266344,0.035948980328879
77.5,0.0543304635689329,0.0505982745467818,0.0346735629386855,0.0679130794611662,0.0407478476766997,0.0632478431834773,0.0379487059100864,0.0433419536733569,0.0260051722040141,0.0378887042430913,0.0341350097361638,0.0357189516724722,0.0415373704380521,0.0363844609443296,0.0386422839999248
78,0.0576612339823973,0.052190964949835,0.0368252169074057,0.0720765424779967,0.043245925486798,0.0652387061872937,0.0391432237123762,0.0460315211342572,0.0276189126805543,0.0392773912930372,0.0357189516724722,0.0373401803716476,0.0441149552174847,0.0386422839999248,0.0410402153561454
78.5,0.0611961998107073,0.0538099387639618,0.0391103908968251,0.0764952497633841,0.0458971498580305,0.0672624234549522,0.0403574540729714,0.0488879886210313,0.0293327931726188,0.0406903825912728,0.0373401803716476,0.0389976883382424,0.0462917199523651,0.0410402153561454,0.0435869493771523
79,0.0649478794091585,0.0554563146198471,0.0415373704380521,0.0811848492614481,0.0487109095568689,0.0693203932748089,0.0415922359648853,0.0519217130475651,0.031153027828539,0.0424170879886355,0.0389976883382424,0.0406903825912728,0.049164333976484,0.0435869493771523,0.0462917199523651
79.5,0.0689295585803441,0.0571313691041603,0.0441149552174847,0.0861619482254301,0.0516971689352581,0.0714142113802003,0.0428485268281202,0.0551436940218558,0.0330862164131135,0.0438811258670849,0.0406903825912728,0.0424170879886355,0.0515902502661754,0.0462917199523651,0.049164333976484
80,0.0731553376230956,0.0588365449698971,0.0468524909825085,0.0914441720288695,0.0548665032173217,0.0735456812123713,0.0441274087274228,0.0585656137281357,0.0351393682368814,0.0456679083056783,0.0424170879886355,0.0441766418982349,0.0547916624552199,0.049164333976484,0.0522152069070998
80.5,0.0776401812657944,0.0605734597146046,0.0497599034270905,0.097050226582243,0.0582301359493458,0.0757168246432558,0.0454300947859535,0.0621998792838631,0.0373199275703178,0.0471823101232516,0.0441766418982349,0.0459689223402887,0.057495248079321,0.0522152069070998,0.0554554005288179
81,0.0823999716608831,0.0623439146009734,0.0528477341801284,0.102999964576104,0.0617999787456623,0.0779298932512167,0.04675793595073,0.0660596677251604,0.0396358006350963,0.0490308989699146,0.0459689223402887,0.0477946653780733,0.0610630925295308,0.0554554005288179,0.0588966630608185
81.5,0.0874515646282457,0.0641499042013844,0.0561271790270439,0.109314455785307,0.0655886734711843,0.0801873802517305,0.0481124281510383,0.0701589737838049,0.0420953842702829,0.0505982745467818,0.0477946653780733,0.0496548674002259,0.0640761294003506,0.0588966630608185,0.0625514717532763
82,0.0928128493466314,0.0659936265555318,0.0596101285031999,0.116016061683289,0.0696096370099736,0.0824920331944147,0.0494952199166488,0.0745126606289999,0.0447075963773999,0.052190964949835,0.0499683359126185,0.051870357302481,0.0672378385842721,0.0625514717532763,0.066433078127083
82.5,0.0985028117045057,0.0678774940382937,0.0633092110063268,0.123128514630632,0.0738771087783793,0.0848468675478672,0.0509081205287203,0.0791365137579085,0.0474819082547451,0.0541369832466369,0.051870357302481,0.0538099387639618,0.07141025556409,0.066433078127083,0.070555556020902
83,0.104541601534674,0.0698041450436972,0.0672378385842721,0.130677001918343,0.0784062011510058,0.0872551813046215,0.0523531087827729,0.0840472982303401,0.050428378938204,0.0557889875043023,0.0538099387639618,0.0557889875043023,0.0749338526197643,0.070555556020902,0.0749338526197643
83.5,0.110950603970777,0.0717764566002334,0.07141025556409,0.138688254963471,0.0832129529780828,0.0897205707502917,0.053832342450175,0.0892628194551126,0.0535576916730675,0.0578097383138506,0.0561228179964764,0.0581507605550892,0.0786313145654215,0.0749338526197643,0.0795838426502224
84,0.117752515178345,0.073797558043058,0.0758415901987907,0.147190643972931,0.0883143863837586,0.0922469475538225,0.0553481685322935,0.0948019877484884,0.056881192649093,0.0598747740953003,0.0581507605550892,0.0602234539162344,0.0825112204182465,0.0795838426502224,0.0845223859385629
84.5,0.124971422728608,0.075870845879903,0.0805479095190051,0.15621427841076,0.0937285670464559,0.0948385573498788,0.0569031344099273,0.100684886898756,0.0604109321392538,0.0616315846221665,0.0602234539162344,0.0623439146009734,0.0876314209544752,0.0845223859385629,0.0897673885407876
85,0.13263289089968,0.0780000000000004,0.0855462775884498,0.165791113624601,0.0994746681747603,0.0975000000000005,0.0585000000000003,0.106932846985562,0.0641597081913374,0.0637857610135772,0.0627022024032128,0.0648827350422827,0.0919554191597436,0.0897673885407876,0.094196781819069
85.5,0.140764051207201,0.0801885286703228,0.0908548173744446,0.175955064009001,0.105573038405401,0.100235660837904,0.0601413965027421,0.113568521718056,0.0681411130308335,0.0656217508484637,0.0652514602245667,0.0671189659776804,0.0964927764578522,0.0953378676660879,0.100042125159487
86,0.149393698485021,0.0824384632091173,0.0964927764578522,0.186742123106276,0.112045273863766,0.103048079011397,0.061828847406838,0.120615970572315,0.0723695823433892,0.0678774940382937,0.0674973856419961,0.0698041450436972,0.102480596820439,0.101254020628957,0.10625019892559
86.5,0.158552392856193,0.0847515265459183,0.102480596820439,0.198190491070241,0.118914294642144,0.105939408182398,0.0635636449094387,0.128100746025549,0.0768604476153292,0.0701948580958723,0.0701948580958723,0.072578858338908,0.1075372980801,0.1075372980801,0.112843512207785
87,0.168272567955368,0.0871294899523199,0.108839988962912,0.21034070994421,0.126204425966526,0.1089118624404,0.0653471174642399,0.136049986203639,0.0816299917221837,0.072578858338908,0.0729830514699126,0.0750350394116338,0.112843512207785,0.11421048178171,0.119845970889018
87.5,0.178588645785853,0.0895741743983613,0.115594010622351,0.223235807232316,0.133941484339389,0.111967717997952,0.0671806307987709,0.144492513277939,0.0866955079667636,0.0746204112675296,0.075870845879903,0.0780000000000004,0.118411550919792,0.12129776720905,0.127282964322166
88,0.189537158618059,0.0920874519469674,0.122767150374423,0.236921448272574,0.142152868963544,0.115109314933709,0.0690655889602255,0.153458937968029,0.0920753627808173,0.0771413865771117,0.0788681510601449,0.0810810383648942,0.12575953199973,0.128824851277854,0.135181457386168
88.5,0.201156878361038,0.094671247187517,0.130385416423486,0.251446097951298,0.150867658770779,0.118339058984396,0.0710034353906377,0.162981770529358,0.0977890623176145,0.0797459647646898,0.0819834818189211,0.0842837792606335,0.131964886023884,0.136819025515609,0.143570088254662
89,0.21348895386523,0.0973275387096332,0.138476430902543,0.266861192331537,0.160116715398922,0.121659423387041,0.0729956540322249,0.173095538628179,0.103857323176907,0.0824384632091173,0.0852218696749681,0.087613029997047,0.138476430902543,0.145309275014538,0.150654268759573
89.5,0.226577056642663,0.100058360618325,0.147069530024929,0.283221320803328,0.169932792481997,0.125072950772906,0.0750437704637435,0.183836912531161,0.110302147518697,0.0852218696749681,0.0885881754441547,0.0910737877750661,0.145309275014538,0.154326383525089,0.160003058703276
90,0.240467535520645,0.102865804091641,0.156195870450877,0.300584419400806,0.180350651640483,0.128582255114551,0.0771493530687307,0.195244838063597,0.117146902838158,0.0880992535301655,0.0920874519469674,0.094671247187517,0.154326383525089,0.163903045070935,0.169931984039963
90.5,0.255209580776611,0.10575201898203,0.165888542254618,0.319011975970764,0.191407185582459,0.132190023727537,0.0793140142365223,0.207360677818273,0.124416406690964,0.0915792173768956,0.0962561936257655,0.0989569556699462,0.16194131203041,0.174073982490218,0.180477044837687
91,0.27085539833539,0.108719215462628,0.176182688901605,0.338569247919238,0.203141548751543,0.135899019328285,0.0815394115969708,0.220228361127006,0.132137016676203,0.094671247187517,0.100613651647747,0.102865804091641,0.169931984039963,0.184876073332808,0.191676475134219
91.5,0.287460394645757,0.111769665719742,0.187115634670878,0.359325493307196,0.215595295984317,0.139712082149678,0.0838272492898066,0.233894543338597,0.140336726003158,0.097867674574615,0.104587940375424,0.107522475068778,0.17831693986977,0.196348483570074,0.203570881565138
92,0.305083372890993,0.114905705692819,0.198727019984575,0.381354216113741,0.228812529668245,0.143632132116024,0.0861792792696144,0.248408774980719,0.149045264988431,0.101733495857273,0.1093225713911,0.112389950644982,0.189382325722904,0.208532809601955,0.216203390594431
92.5,0.323786741228279,0.118129736863234,0.211058945135258,0.404733426535349,0.242840055921209,0.147662171079043,0.0885973026474256,0.263823681419072,0.158294208851443,0.10575201898203,0.114271536208304,0.11747777381335,0.198727019984575,0.221473229076229,0.229619804881433
93,0.343636733794363,0.12144422809327,0.224156122932178,0.429545917242954,0.257727550345772,0.151805285116588,0.0910831710699528,0.280195153665222,0.168117092199133,0.109929275746756,0.119444537584932,0.122795919572342,0.208532809601955,0.235216661066806,0.243868769351046
93.5,0.364703645260149,0.124851717516697,0.238066040819948,0.455879556575186,0.273527733945112,0.156064646895872,0.0936387881375229,0.297582551024935,0.178549530614961,0.114271536208304,0.125544603531585,0.129067141534574,0.221473229076229,0.249812936191822,0.259001947569385
94,0.387062079764833,0.128354814482393,0.252839133057425,0.483827599706041,0.290296559823625,0.160443518102992,0.0962661108617949,0.316048916321781,0.189629349793069,0.118785318093856,0.131227929655015,0.13490993076267,0.232401385148674,0.265314977288342,0.275074209064348
94.5,0.410791215111138,0.131956201552504,0.268528963581073,0.513489018888923,0.308093411333353,0.16494525194063,0.0989671511643779,0.335661204476341,0.201396722685805,0.123477396584027,0.137929776730853,0.141799818665041,0.243868769351046,0.281778991298761,0.292143828270272
95,0.435975083157235,0.135658636556664,0.285192420215854,0.544968853946543,0.326981312367926,0.16957329569583,0.101743977417498,0.356490525269817,0.21389431516189,0.129067141534574,0.144173771942452,0.149041575069892,0.259001947569385,0.299264673064637,0.310272695818039
95.5,0.462702867398306,0.139464954703858,0.302889920937784,0.578378584247882,0.347027150548729,0.174331193379822,0.104598716027893,0.37861240117223,0.227167440703338,0.134165357107846,0.151536766805246,0.155788594481673,0.27178188362717,0.317835421766867,0.325582484992381
96,0.491069218791572,0.143378070753532,0.321685632936035,0.613836523489465,0.368301914093679,0.179222588441915,0.107533553065149,0.402107041170044,0.241264224702027,0.140238939384271,0.159275791875333,0.163744761580557,0.28864719890469,0.333518378614099,0.345786374909368
96.5,0.521174590943216,0.14740098124763,0.341647705268852,0.65146823867902,0.390880943207412,0.184251226559537,0.110550735935722,0.427059631586065,0.256235778951639,0.146587468953081,0.166486107917052,0.169273348727753,0.302889920937784,0.354214727212117,0.36724400907426
97,0.553125595844188,0.151536766805246,0.362848515956824,0.691406994805235,0.414844196883141,0.189420958506558,0.113652575103935,0.453560644946031,0.272136386967618,0.153223392507206,0.169273348727753,0.169273348727753,0.321685632936035,0.376195379383061,0.390033188081181
97.5,0.587035381414676,0.155788594481673,0.38536493440945,0.733794226768345,0.440276536061007,0.194735743102091,0.116841445861255,0.481706168011812,0.289023700807087,0.160159720193626,0.169273348727753,0.169273348727753,0.337558570796973,0.399540032067657,0.414236540408773
98,0.623024032194215,0.160159720193626,0.409278600136456,0.778780040242769,0.467268024145661,0.200199650242033,0.12011979014522,0.511598250170569,0.306958950102342,0.168339121905354,0.169273348727753,0.169273348727753,0.358505631892957,0.419254540434364,0.43467621875445
98.5,0.66121899459642,0.164653491212531,0.43467621875445,0.826523743245525,0.495914245947315,0.205816864015664,0.123490118409398,0.543345273443062,0.326007164065838,0.169273348727753,0.169273348727753,0.169273348727753,0.380752554424907,0.445271212007871,0.461649876362146
99,0.701755528234278,0.169273348727753,0.461649876362146,0.877194410292847,0.526316646175708,0.211591685909691,0.126955011545815,0.577062345452683,0.34623740727161,0.169273348727753,0.169273348727753,0.169273348727753,0.399540032067657,0.461649876362146,0.461649876362146
